{
  "IsCloudStoreUrl": true,
  "StoreUrl": "https://cloud.uipath.com/vishnu123/HackathonTenant/dataservice_/entities",
  "TenantName": "HackathonTenant",
  "Namespace": "CheckforVehicleEntry",
  "SelectedEntitiesNames": [
    "TrafficViolation"
  ],
  "Entities": [
    {
      "Id": "e4193787-bd25-eb11-9fb4-000d3a22a01c",
      "Name": "MenuLists",
      "DisplayName": "Menu Lists",
      "Description": "",
      "CreateTime": "2020-11-13T14:35:52.24Z",
      "UpdateTime": "2020-11-13T14:35:52.24Z",
      "Fields": [
        {
          "Id": "e7193787-bd25-eb11-9fb4-000d3a22a01c",
          "Name": "CreatedBy",
          "DisplayName": "CreatedBy",
          "Description": "System built-in field",
          "CreateTime": "2020-11-13T14:35:52.253Z",
          "UpdateTime": "2020-11-13T14:35:52.253Z",
          "SqlType": {
            "Name": "UNIQUEIDENTIFIER",
            "LengthLimit": null,
            "MaxValue": null,
            "MinValue": null,
            "DecimalPrecision": null
          },
          "IsSystemField": true,
          "IsRequired": true,
          "ReferenceEntity": null,
          "ReferenceType": "ManyToOne",
          "FieldDisplayType": "Basic",
          "ReferenceChoiceSet": null,
          "IsAttachment": false
        },
        {
          "Id": "e6193787-bd25-eb11-9fb4-000d3a22a01c",
          "Name": "CreateTime",
          "DisplayName": "CreateTime",
          "Description": "System built-in field",
          "CreateTime": "2020-11-13T14:35:52.253Z",
          "UpdateTime": "2020-11-13T14:35:52.253Z",
          "SqlType": {
            "Name": "DATETIMEOFFSET",
            "LengthLimit": null,
            "MaxValue": null,
            "MinValue": null,
            "DecimalPrecision": null
          },
          "IsSystemField": true,
          "IsRequired": true,
          "ReferenceEntity": null,
          "ReferenceType": "ManyToOne",
          "FieldDisplayType": "Basic",
          "ReferenceChoiceSet": null,
          "IsAttachment": false
        },
        {
          "Id": "e5193787-bd25-eb11-9fb4-000d3a22a01c",
          "Name": "Id",
          "DisplayName": "Id",
          "Description": "System built-in field",
          "CreateTime": "2020-11-13T14:35:52.253Z",
          "UpdateTime": "2020-11-13T14:35:52.253Z",
          "SqlType": {
            "Name": "UNIQUEIDENTIFIER",
            "LengthLimit": null,
            "MaxValue": null,
            "MinValue": null,
            "DecimalPrecision": null
          },
          "IsSystemField": true,
          "IsRequired": true,
          "ReferenceEntity": null,
          "ReferenceType": "ManyToOne",
          "FieldDisplayType": "Basic",
          "ReferenceChoiceSet": null,
          "IsAttachment": false
        },
        {
          "Id": "e9193787-bd25-eb11-9fb4-000d3a22a01c",
          "Name": "UpdatedBy",
          "DisplayName": "UpdatedBy",
          "Description": "System built-in field",
          "CreateTime": "2020-11-13T14:35:52.253Z",
          "UpdateTime": "2020-11-13T14:35:52.253Z",
          "SqlType": {
            "Name": "UNIQUEIDENTIFIER",
            "LengthLimit": null,
            "MaxValue": null,
            "MinValue": null,
            "DecimalPrecision": null
          },
          "IsSystemField": true,
          "IsRequired": false,
          "ReferenceEntity": null,
          "ReferenceType": "ManyToOne",
          "FieldDisplayType": "Basic",
          "ReferenceChoiceSet": null,
          "IsAttachment": false
        },
        {
          "Id": "e8193787-bd25-eb11-9fb4-000d3a22a01c",
          "Name": "UpdateTime",
          "DisplayName": "UpdateTime",
          "Description": "System built-in field",
          "CreateTime": "2020-11-13T14:35:52.253Z",
          "UpdateTime": "2020-11-13T14:35:52.253Z",
          "SqlType": {
            "Name": "DATETIMEOFFSET",
            "LengthLimit": null,
            "MaxValue": null,
            "MinValue": null,
            "DecimalPrecision": null
          },
          "IsSystemField": true,
          "IsRequired": false,
          "ReferenceEntity": null,
          "ReferenceType": "ManyToOne",
          "FieldDisplayType": "Basic",
          "ReferenceChoiceSet": null,
          "IsAttachment": false
        }
      ],
      "RecordCount": 0,
      "EntityType": "Entity"
    },
    {
      "Id": "b7366be7-3528-eb11-9fb4-000d3a22a01c",
      "Name": "TrafficViolation",
      "DisplayName": "TrafficViolation",
      "Description": "",
      "CreateTime": "2020-11-16T18:02:35.59Z",
      "UpdateTime": "2020-11-18T17:58:18.613Z",
      "Fields": [
        {
          "Id": "45734cdd-bb29-eb11-9fb4-000d3a22a01c",
          "Name": "Approved",
          "DisplayName": "Approved",
          "Description": "",
          "CreateTime": "2020-11-18T16:34:02.327Z",
          "UpdateTime": "2020-11-18T16:34:02.327Z",
          "SqlType": {
            "Name": "NVARCHAR",
            "LengthLimit": 200,
            "MaxValue": null,
            "MinValue": null,
            "DecimalPrecision": null
          },
          "IsSystemField": false,
          "IsRequired": true,
          "ReferenceEntity": null,
          "ReferenceType": "ManyToOne",
          "FieldDisplayType": "Basic",
          "ReferenceChoiceSet": null,
          "IsAttachment": false
        },
        {
          "Id": "ba366be7-3528-eb11-9fb4-000d3a22a01c",
          "Name": "CreatedBy",
          "DisplayName": "CreatedBy",
          "Description": "System built-in field",
          "CreateTime": "2020-11-16T18:02:35.603Z",
          "UpdateTime": "2020-11-16T18:02:35.603Z",
          "SqlType": {
            "Name": "UNIQUEIDENTIFIER",
            "LengthLimit": null,
            "MaxValue": null,
            "MinValue": null,
            "DecimalPrecision": null
          },
          "IsSystemField": true,
          "IsRequired": true,
          "ReferenceEntity": null,
          "ReferenceType": "ManyToOne",
          "FieldDisplayType": "Basic",
          "ReferenceChoiceSet": null,
          "IsAttachment": false
        },
        {
          "Id": "b9366be7-3528-eb11-9fb4-000d3a22a01c",
          "Name": "CreateTime",
          "DisplayName": "CreateTime",
          "Description": "System built-in field",
          "CreateTime": "2020-11-16T18:02:35.603Z",
          "UpdateTime": "2020-11-16T18:02:35.603Z",
          "SqlType": {
            "Name": "DATETIMEOFFSET",
            "LengthLimit": null,
            "MaxValue": null,
            "MinValue": null,
            "DecimalPrecision": null
          },
          "IsSystemField": true,
          "IsRequired": true,
          "ReferenceEntity": null,
          "ReferenceType": "ManyToOne",
          "FieldDisplayType": "Basic",
          "ReferenceChoiceSet": null,
          "IsAttachment": false
        },
        {
          "Id": "6394b1fb-3528-eb11-9fb4-000d3a22a01c",
          "Name": "Date",
          "DisplayName": "Date",
          "Description": "",
          "CreateTime": "2020-11-16T18:03:09.597Z",
          "UpdateTime": "2020-11-16T18:03:09.597Z",
          "SqlType": {
            "Name": "DATETIMEOFFSET",
            "LengthLimit": 200,
            "MaxValue": null,
            "MinValue": null,
            "DecimalPrecision": null
          },
          "IsSystemField": false,
          "IsRequired": true,
          "ReferenceEntity": null,
          "ReferenceType": "ManyToOne",
          "FieldDisplayType": "Basic",
          "ReferenceChoiceSet": null,
          "IsAttachment": false
        },
        {
          "Id": "5f2b421d-3628-eb11-9fb4-000d3a22a01c",
          "Name": "EmailID",
          "DisplayName": "EmailID",
          "Description": "",
          "CreateTime": "2020-11-16T18:04:11.703Z",
          "UpdateTime": "2020-11-16T18:04:11.703Z",
          "SqlType": {
            "Name": "NVARCHAR",
            "LengthLimit": 200,
            "MaxValue": null,
            "MinValue": null,
            "DecimalPrecision": null
          },
          "IsSystemField": false,
          "IsRequired": true,
          "ReferenceEntity": null,
          "ReferenceType": "ManyToOne",
          "FieldDisplayType": "Basic",
          "ReferenceChoiceSet": null,
          "IsAttachment": false
        },
        {
          "Id": "b8366be7-3528-eb11-9fb4-000d3a22a01c",
          "Name": "Id",
          "DisplayName": "Id",
          "Description": "System built-in field",
          "CreateTime": "2020-11-16T18:02:35.603Z",
          "UpdateTime": "2020-11-16T18:02:35.603Z",
          "SqlType": {
            "Name": "UNIQUEIDENTIFIER",
            "LengthLimit": null,
            "MaxValue": null,
            "MinValue": null,
            "DecimalPrecision": null
          },
          "IsSystemField": true,
          "IsRequired": true,
          "ReferenceEntity": null,
          "ReferenceType": "ManyToOne",
          "FieldDisplayType": "Basic",
          "ReferenceChoiceSet": null,
          "IsAttachment": false
        },
        {
          "Id": "a93fb22d-3628-eb11-9fb4-000d3a22a01c",
          "Name": "Location",
          "DisplayName": "Location",
          "Description": "",
          "CreateTime": "2020-11-16T18:04:33.49Z",
          "UpdateTime": "2020-11-16T18:04:33.49Z",
          "SqlType": {
            "Name": "NVARCHAR",
            "LengthLimit": 200,
            "MaxValue": null,
            "MinValue": null,
            "DecimalPrecision": null
          },
          "IsSystemField": false,
          "IsRequired": true,
          "ReferenceEntity": null,
          "ReferenceType": "ManyToOne",
          "FieldDisplayType": "Basic",
          "ReferenceChoiceSet": null,
          "IsAttachment": false
        },
        {
          "Id": "afa114a3-c729-eb11-9fb4-000d3a22a01c",
          "Name": "Offence",
          "DisplayName": "Offence",
          "Description": "",
          "CreateTime": "2020-11-18T17:58:18.613Z",
          "UpdateTime": "2020-11-18T17:58:18.613Z",
          "SqlType": {
            "Name": "NVARCHAR",
            "LengthLimit": 200,
            "MaxValue": null,
            "MinValue": null,
            "DecimalPrecision": null
          },
          "IsSystemField": false,
          "IsRequired": false,
          "ReferenceEntity": null,
          "ReferenceType": "ManyToOne",
          "FieldDisplayType": "Basic",
          "ReferenceChoiceSet": null,
          "IsAttachment": false
        },
        {
          "Id": "bc366be7-3528-eb11-9fb4-000d3a22a01c",
          "Name": "UpdatedBy",
          "DisplayName": "UpdatedBy",
          "Description": "System built-in field",
          "CreateTime": "2020-11-16T18:02:35.603Z",
          "UpdateTime": "2020-11-16T18:02:35.603Z",
          "SqlType": {
            "Name": "UNIQUEIDENTIFIER",
            "LengthLimit": null,
            "MaxValue": null,
            "MinValue": null,
            "DecimalPrecision": null
          },
          "IsSystemField": true,
          "IsRequired": false,
          "ReferenceEntity": null,
          "ReferenceType": "ManyToOne",
          "FieldDisplayType": "Basic",
          "ReferenceChoiceSet": null,
          "IsAttachment": false
        },
        {
          "Id": "bb366be7-3528-eb11-9fb4-000d3a22a01c",
          "Name": "UpdateTime",
          "DisplayName": "UpdateTime",
          "Description": "System built-in field",
          "CreateTime": "2020-11-16T18:02:35.603Z",
          "UpdateTime": "2020-11-16T18:02:35.603Z",
          "SqlType": {
            "Name": "DATETIMEOFFSET",
            "LengthLimit": null,
            "MaxValue": null,
            "MinValue": null,
            "DecimalPrecision": null
          },
          "IsSystemField": true,
          "IsRequired": false,
          "ReferenceEntity": null,
          "ReferenceType": "ManyToOne",
          "FieldDisplayType": "Basic",
          "ReferenceChoiceSet": null,
          "IsAttachment": false
        },
        {
          "Id": "249ddb04-3628-eb11-9fb4-000d3a22a01c",
          "Name": "VehicleNo",
          "DisplayName": "Vehicle No",
          "Description": "",
          "CreateTime": "2020-11-16T18:03:24.97Z",
          "UpdateTime": "2020-11-16T18:03:24.97Z",
          "SqlType": {
            "Name": "NVARCHAR",
            "LengthLimit": 200,
            "MaxValue": null,
            "MinValue": null,
            "DecimalPrecision": null
          },
          "IsSystemField": false,
          "IsRequired": true,
          "ReferenceEntity": null,
          "ReferenceType": "ManyToOne",
          "FieldDisplayType": "Basic",
          "ReferenceChoiceSet": null,
          "IsAttachment": false
        }
      ],
      "RecordCount": 1,
      "EntityType": "Entity"
    }
  ],
  "EntitiesJson": "{\"entities\":[{\"name\":\"MenuLists\",\"displayName\":\"Menu Lists\",\"entityTypeId\":0,\"entityType\":\"Entity\",\"description\":\"\",\"fields\":[{\"id\":\"e7193787-bd25-eb11-9fb4-000d3a22a01c\",\"name\":\"CreatedBy\",\"isPrimaryKey\":false,\"isForeignKey\":false,\"isUnique\":false,\"referenceType\":\"ManyToOne\",\"sqlType\":{\"name\":\"UNIQUEIDENTIFIER\"},\"isRequired\":true,\"displayName\":\"CreatedBy\",\"description\":\"System built-in field\",\"createTime\":\"2020-11-13T14:35:52.253Z\",\"createdBy\":\"1f2464c5-926a-4698-b1ad-210e70e4da8d\",\"updateTime\":\"2020-11-13T14:35:52.253Z\",\"isSystemField\":true,\"fieldDisplayType\":\"Basic\",\"choiceSetId\":\"00000000-0000-0000-0000-000000000000\",\"isAttachment\":false,\"isRbacEnabled\":false},{\"id\":\"e6193787-bd25-eb11-9fb4-000d3a22a01c\",\"name\":\"CreateTime\",\"isPrimaryKey\":false,\"isForeignKey\":false,\"isUnique\":false,\"referenceType\":\"ManyToOne\",\"sqlType\":{\"name\":\"DATETIMEOFFSET\"},\"isRequired\":true,\"displayName\":\"CreateTime\",\"description\":\"System built-in field\",\"createTime\":\"2020-11-13T14:35:52.253Z\",\"createdBy\":\"1f2464c5-926a-4698-b1ad-210e70e4da8d\",\"updateTime\":\"2020-11-13T14:35:52.253Z\",\"isSystemField\":true,\"fieldDisplayType\":\"Basic\",\"choiceSetId\":\"00000000-0000-0000-0000-000000000000\",\"isAttachment\":false,\"isRbacEnabled\":false},{\"id\":\"e5193787-bd25-eb11-9fb4-000d3a22a01c\",\"name\":\"Id\",\"isPrimaryKey\":true,\"isForeignKey\":false,\"isUnique\":false,\"referenceType\":\"ManyToOne\",\"sqlType\":{\"name\":\"UNIQUEIDENTIFIER\"},\"isRequired\":true,\"displayName\":\"Id\",\"description\":\"System built-in field\",\"createTime\":\"2020-11-13T14:35:52.253Z\",\"createdBy\":\"1f2464c5-926a-4698-b1ad-210e70e4da8d\",\"updateTime\":\"2020-11-13T14:35:52.253Z\",\"isSystemField\":true,\"fieldDisplayType\":\"Basic\",\"choiceSetId\":\"00000000-0000-0000-0000-000000000000\",\"isAttachment\":false,\"isRbacEnabled\":false},{\"id\":\"e9193787-bd25-eb11-9fb4-000d3a22a01c\",\"name\":\"UpdatedBy\",\"isPrimaryKey\":false,\"isForeignKey\":false,\"isUnique\":false,\"referenceType\":\"ManyToOne\",\"sqlType\":{\"name\":\"UNIQUEIDENTIFIER\"},\"isRequired\":false,\"displayName\":\"UpdatedBy\",\"description\":\"System built-in field\",\"createTime\":\"2020-11-13T14:35:52.253Z\",\"createdBy\":\"1f2464c5-926a-4698-b1ad-210e70e4da8d\",\"updateTime\":\"2020-11-13T14:35:52.253Z\",\"isSystemField\":true,\"fieldDisplayType\":\"Basic\",\"choiceSetId\":\"00000000-0000-0000-0000-000000000000\",\"isAttachment\":false,\"isRbacEnabled\":false},{\"id\":\"e8193787-bd25-eb11-9fb4-000d3a22a01c\",\"name\":\"UpdateTime\",\"isPrimaryKey\":false,\"isForeignKey\":false,\"isUnique\":false,\"referenceType\":\"ManyToOne\",\"sqlType\":{\"name\":\"DATETIMEOFFSET\"},\"isRequired\":false,\"displayName\":\"UpdateTime\",\"description\":\"System built-in field\",\"createTime\":\"2020-11-13T14:35:52.253Z\",\"createdBy\":\"1f2464c5-926a-4698-b1ad-210e70e4da8d\",\"updateTime\":\"2020-11-13T14:35:52.253Z\",\"isSystemField\":true,\"fieldDisplayType\":\"Basic\",\"choiceSetId\":\"00000000-0000-0000-0000-000000000000\",\"isAttachment\":false,\"isRbacEnabled\":false}],\"recordCount\":0,\"storageSizeInMB\":0.0,\"usedStorageSizeInMB\":0.0,\"isRbacEnabled\":false,\"id\":\"e4193787-bd25-eb11-9fb4-000d3a22a01c\",\"createdBy\":\"1f2464c5-926a-4698-b1ad-210e70e4da8d\",\"createTime\":\"2020-11-13T14:35:52.24Z\",\"updateTime\":\"2020-11-13T14:35:52.24Z\",\"updatedBy\":\"1f2464c5-926a-4698-b1ad-210e70e4da8d\"},{\"name\":\"TrafficViolation\",\"displayName\":\"TrafficViolation\",\"entityTypeId\":0,\"entityType\":\"Entity\",\"description\":\"\",\"fields\":[{\"id\":\"45734cdd-bb29-eb11-9fb4-000d3a22a01c\",\"name\":\"Approved\",\"isPrimaryKey\":false,\"isForeignKey\":false,\"isUnique\":false,\"referenceType\":\"ManyToOne\",\"sqlType\":{\"name\":\"NVARCHAR\",\"lengthLimit\":200},\"isRequired\":true,\"displayName\":\"Approved\",\"description\":\"\",\"createTime\":\"2020-11-18T16:34:02.327Z\",\"createdBy\":\"1f2464c5-926a-4698-b1ad-210e70e4da8d\",\"updateTime\":\"2020-11-18T16:34:02.327Z\",\"updatedBy\":\"1f2464c5-926a-4698-b1ad-210e70e4da8d\",\"isSystemField\":false,\"fieldDisplayType\":\"Basic\",\"choiceSetId\":\"00000000-0000-0000-0000-000000000000\",\"isAttachment\":false,\"isRbacEnabled\":false},{\"id\":\"ba366be7-3528-eb11-9fb4-000d3a22a01c\",\"name\":\"CreatedBy\",\"isPrimaryKey\":false,\"isForeignKey\":false,\"isUnique\":false,\"referenceType\":\"ManyToOne\",\"sqlType\":{\"name\":\"UNIQUEIDENTIFIER\"},\"isRequired\":true,\"displayName\":\"CreatedBy\",\"description\":\"System built-in field\",\"createTime\":\"2020-11-16T18:02:35.603Z\",\"createdBy\":\"1f2464c5-926a-4698-b1ad-210e70e4da8d\",\"updateTime\":\"2020-11-16T18:02:35.603Z\",\"isSystemField\":true,\"fieldDisplayType\":\"Basic\",\"choiceSetId\":\"00000000-0000-0000-0000-000000000000\",\"isAttachment\":false,\"isRbacEnabled\":false},{\"id\":\"b9366be7-3528-eb11-9fb4-000d3a22a01c\",\"name\":\"CreateTime\",\"isPrimaryKey\":false,\"isForeignKey\":false,\"isUnique\":false,\"referenceType\":\"ManyToOne\",\"sqlType\":{\"name\":\"DATETIMEOFFSET\"},\"isRequired\":true,\"displayName\":\"CreateTime\",\"description\":\"System built-in field\",\"createTime\":\"2020-11-16T18:02:35.603Z\",\"createdBy\":\"1f2464c5-926a-4698-b1ad-210e70e4da8d\",\"updateTime\":\"2020-11-16T18:02:35.603Z\",\"isSystemField\":true,\"fieldDisplayType\":\"Basic\",\"choiceSetId\":\"00000000-0000-0000-0000-000000000000\",\"isAttachment\":false,\"isRbacEnabled\":false},{\"id\":\"6394b1fb-3528-eb11-9fb4-000d3a22a01c\",\"name\":\"Date\",\"isPrimaryKey\":false,\"isForeignKey\":false,\"isUnique\":false,\"referenceType\":\"ManyToOne\",\"sqlType\":{\"name\":\"DATETIMEOFFSET\",\"lengthLimit\":200},\"isRequired\":true,\"displayName\":\"Date\",\"description\":\"\",\"createTime\":\"2020-11-16T18:03:09.597Z\",\"createdBy\":\"1f2464c5-926a-4698-b1ad-210e70e4da8d\",\"updateTime\":\"2020-11-16T18:03:09.597Z\",\"updatedBy\":\"1f2464c5-926a-4698-b1ad-210e70e4da8d\",\"isSystemField\":false,\"fieldDisplayType\":\"Basic\",\"choiceSetId\":\"00000000-0000-0000-0000-000000000000\",\"isAttachment\":false,\"isRbacEnabled\":false},{\"id\":\"5f2b421d-3628-eb11-9fb4-000d3a22a01c\",\"name\":\"EmailID\",\"isPrimaryKey\":false,\"isForeignKey\":false,\"isUnique\":false,\"referenceType\":\"ManyToOne\",\"sqlType\":{\"name\":\"NVARCHAR\",\"lengthLimit\":200},\"isRequired\":true,\"displayName\":\"EmailID\",\"description\":\"\",\"createTime\":\"2020-11-16T18:04:11.703Z\",\"createdBy\":\"1f2464c5-926a-4698-b1ad-210e70e4da8d\",\"updateTime\":\"2020-11-16T18:04:11.703Z\",\"updatedBy\":\"1f2464c5-926a-4698-b1ad-210e70e4da8d\",\"isSystemField\":false,\"fieldDisplayType\":\"Basic\",\"choiceSetId\":\"00000000-0000-0000-0000-000000000000\",\"isAttachment\":false,\"isRbacEnabled\":false},{\"id\":\"b8366be7-3528-eb11-9fb4-000d3a22a01c\",\"name\":\"Id\",\"isPrimaryKey\":true,\"isForeignKey\":false,\"isUnique\":false,\"referenceType\":\"ManyToOne\",\"sqlType\":{\"name\":\"UNIQUEIDENTIFIER\"},\"isRequired\":true,\"displayName\":\"Id\",\"description\":\"System built-in field\",\"createTime\":\"2020-11-16T18:02:35.603Z\",\"createdBy\":\"1f2464c5-926a-4698-b1ad-210e70e4da8d\",\"updateTime\":\"2020-11-16T18:02:35.603Z\",\"isSystemField\":true,\"fieldDisplayType\":\"Basic\",\"choiceSetId\":\"00000000-0000-0000-0000-000000000000\",\"isAttachment\":false,\"isRbacEnabled\":false},{\"id\":\"a93fb22d-3628-eb11-9fb4-000d3a22a01c\",\"name\":\"Location\",\"isPrimaryKey\":false,\"isForeignKey\":false,\"isUnique\":false,\"referenceType\":\"ManyToOne\",\"sqlType\":{\"name\":\"NVARCHAR\",\"lengthLimit\":200},\"isRequired\":true,\"displayName\":\"Location\",\"description\":\"\",\"createTime\":\"2020-11-16T18:04:33.49Z\",\"createdBy\":\"1f2464c5-926a-4698-b1ad-210e70e4da8d\",\"updateTime\":\"2020-11-16T18:04:33.49Z\",\"updatedBy\":\"1f2464c5-926a-4698-b1ad-210e70e4da8d\",\"isSystemField\":false,\"fieldDisplayType\":\"Basic\",\"choiceSetId\":\"00000000-0000-0000-0000-000000000000\",\"isAttachment\":false,\"isRbacEnabled\":false},{\"id\":\"afa114a3-c729-eb11-9fb4-000d3a22a01c\",\"name\":\"Offence\",\"isPrimaryKey\":false,\"isForeignKey\":false,\"isUnique\":false,\"referenceType\":\"ManyToOne\",\"sqlType\":{\"name\":\"NVARCHAR\",\"lengthLimit\":200},\"isRequired\":false,\"displayName\":\"Offence\",\"description\":\"\",\"createTime\":\"2020-11-18T17:58:18.613Z\",\"createdBy\":\"1f2464c5-926a-4698-b1ad-210e70e4da8d\",\"updateTime\":\"2020-11-18T17:58:18.613Z\",\"updatedBy\":\"1f2464c5-926a-4698-b1ad-210e70e4da8d\",\"isSystemField\":false,\"fieldDisplayType\":\"Basic\",\"choiceSetId\":\"00000000-0000-0000-0000-000000000000\",\"isAttachment\":false,\"isRbacEnabled\":false},{\"id\":\"bc366be7-3528-eb11-9fb4-000d3a22a01c\",\"name\":\"UpdatedBy\",\"isPrimaryKey\":false,\"isForeignKey\":false,\"isUnique\":false,\"referenceType\":\"ManyToOne\",\"sqlType\":{\"name\":\"UNIQUEIDENTIFIER\"},\"isRequired\":false,\"displayName\":\"UpdatedBy\",\"description\":\"System built-in field\",\"createTime\":\"2020-11-16T18:02:35.603Z\",\"createdBy\":\"1f2464c5-926a-4698-b1ad-210e70e4da8d\",\"updateTime\":\"2020-11-16T18:02:35.603Z\",\"isSystemField\":true,\"fieldDisplayType\":\"Basic\",\"choiceSetId\":\"00000000-0000-0000-0000-000000000000\",\"isAttachment\":false,\"isRbacEnabled\":false},{\"id\":\"bb366be7-3528-eb11-9fb4-000d3a22a01c\",\"name\":\"UpdateTime\",\"isPrimaryKey\":false,\"isForeignKey\":false,\"isUnique\":false,\"referenceType\":\"ManyToOne\",\"sqlType\":{\"name\":\"DATETIMEOFFSET\"},\"isRequired\":false,\"displayName\":\"UpdateTime\",\"description\":\"System built-in field\",\"createTime\":\"2020-11-16T18:02:35.603Z\",\"createdBy\":\"1f2464c5-926a-4698-b1ad-210e70e4da8d\",\"updateTime\":\"2020-11-16T18:02:35.603Z\",\"isSystemField\":true,\"fieldDisplayType\":\"Basic\",\"choiceSetId\":\"00000000-0000-0000-0000-000000000000\",\"isAttachment\":false,\"isRbacEnabled\":false},{\"id\":\"249ddb04-3628-eb11-9fb4-000d3a22a01c\",\"name\":\"VehicleNo\",\"isPrimaryKey\":false,\"isForeignKey\":false,\"isUnique\":false,\"referenceType\":\"ManyToOne\",\"sqlType\":{\"name\":\"NVARCHAR\",\"lengthLimit\":200},\"isRequired\":true,\"displayName\":\"Vehicle No\",\"description\":\"\",\"createTime\":\"2020-11-16T18:03:24.97Z\",\"createdBy\":\"1f2464c5-926a-4698-b1ad-210e70e4da8d\",\"updateTime\":\"2020-11-16T18:03:24.97Z\",\"updatedBy\":\"1f2464c5-926a-4698-b1ad-210e70e4da8d\",\"isSystemField\":false,\"fieldDisplayType\":\"Basic\",\"choiceSetId\":\"00000000-0000-0000-0000-000000000000\",\"isAttachment\":false,\"isRbacEnabled\":false}],\"recordCount\":1,\"storageSizeInMB\":0.070312,\"usedStorageSizeInMB\":0.015625,\"isRbacEnabled\":false,\"id\":\"b7366be7-3528-eb11-9fb4-000d3a22a01c\",\"createdBy\":\"1f2464c5-926a-4698-b1ad-210e70e4da8d\",\"createTime\":\"2020-11-16T18:02:35.59Z\",\"updateTime\":\"2020-11-18T17:58:18.613Z\",\"updatedBy\":\"1f2464c5-926a-4698-b1ad-210e70e4da8d\"}],\"choicesets\":[]}"
}